bmag CLEAN,vmag CLEAN,PHASE,Phase+DELTA
12.4582,12.1842,0.2315873333,0.2315873333
13.2432,12.9692,0.179137622,0.179137622
13.2038,12.9298,0.1856901014,0.1856901014
13.0829,12.8089,0.179137622,0.179137622
12.4631,12.1891,0.2315873333,0.2315873333
13.0685,12.7945,0.1925861382,0.1925861382
13.1005,12.8265,0.1925861382,0.1925861382
13.2552,12.9812,0.1856901014,0.1856901014
11.9204,11.6464,0.584071898,0.584071898
12.0055,11.7315,0.5895040829,0.5895040829
11.9863,11.7123,0.584071898,0.584071898
12.069,11.795,0.5895040829,0.5895040829
12.0652,11.7912,0.0859589723,0.0859589723
11.9121,11.6381,0.0859589723,0.0859589723
12.018,11.7439,0.5573341963,0.5573341963
12.0856,11.8116,0.5573341963,0.5573341963
11.824,11.55,0.564230233,0.564230233
11.9268,11.6528,0.564230233,0.564230233
12.8859,12.6119,0.5697470624,0.5697470624
12.1502,11.8762,0.5697470624,0.5697470624
11.7712,11.4972,0.5756124278,0.5756124278
11.7361,11.4621,0.5756124278,0.5756124278
11.8961,11.6221,0.5814728143,0.5814728143
11.8449,11.5709,0.5814728143,0.5814728143
11.9856,11.7116,0.570339574,0.570339574
12.0599,11.7859,0.570339574,0.570339574
12.1672,11.8932,0.0590470026,0.0590470026
12.1957,11.9217,0.0590470026,0.0590470026
12.3478,12.0738,0.0652559251,0.0652559251
12.3013,12.0273,0.0652559251,0.0652559251
12.3432,12.0692,0.1600726949,0.1600726949
12.3928,12.1188,0.1600726949,0.1600726949
12.3262,12.0522,0.1671429994,0.1671429994
12.2611,11.9871,0.1671429994,0.1671429994
12.2308,11.9568,0.6326777534,0.6326777534
12.3038,12.0298,0.6326777534,0.6326777534
11.7089,11.4349,0.84126668,0.84126668
11.7107,11.4367,0.9673869748,0.9673869748
11.7359,11.4619,0.9673869748,0.9673869748
12.3531,12.0791,0.3488896634,0.3488896634
12.4394,12.1654,0.1202499502,0.1202499502
12.4399,12.1659,0.1202499502,0.1202499502
12.2036,11.9296,0.8597191795,0.8597191795
12.0715,11.7975,0.8597191795,0.8597191795
12.2666,11.9926,0.8402360089,0.8402360089
12.2709,11.9969,0.8402360089,0.8402360089
11.7428,11.4688,0.7077225651,0.7077225651
11.6754,11.4014,0.7077225651,0.7077225651
12.3755,12.1015,0.1069358693,0.1069358693
12.4406,12.1666,0.1069358693,0.1069358693
11.7443,11.4703,0.4835490939,0.4835490939
11.7358,11.4618,0.4835490939,0.4835490939
12.0056,11.7316,0.8583200559,0.8583200559
12.0183,11.7443,0.8583200559,0.8583200559
12.1208,11.8468,0.5848536149,0.5848536149
12.1728,11.8988,0.5848536149,0.5848536149
11.9879,11.7139,0.7966988649,0.7966988649
11.8494,11.5754,0.7966988649,0.7966988649
11.9136,11.6396,0.2716590322,0.2716590322
11.8749,11.6009,0.2716590322,0.2716590322
11.8909,11.6169,0.7265484963,0.7265484963
11.8314,11.5574,0.7265484963,0.7265484963
11.9328,11.6588,0.1455536746,0.1455536746
11.9279,11.6539,0.1455536746,0.1455536746
12.639,12.365,0.5338229435,0.5338229435
12.5923,12.3183,0.5338229435,0.5338229435
12.2363,11.9623,0.5833947422,0.5833947422
12.2598,11.9858,0.5833947422,0.5833947422
12.2165,11.9425,0.086904999,0.086904999
12.185,11.911,0.4989444334,0.4989444334
12.1551,11.8811,0.4989444334,0.4989444334
12.3411,12.0671,0.9901463851,0.9901463851
12.2499,11.9759,0.4618651664,0.4618651664
12.2787,12.0047,0.4618651664,0.4618651664
12.3378,12.0638,0.9901463851,0.9901463851
12.3999,12.1259,0.4773849833,0.4773849833
12.4503,12.1763,0.4773849833,0.4773849833
12.2843,12.0103,0.4904052979,0.4904052979
12.2797,12.0057,0.4904052979,0.4904052979
12.2779,12.0039,0.9503136827,0.9503136827
12.2528,11.9788,0.9503136827,0.9503136827
12.2973,12.0233,0.0133091018,0.0133091018
12.3638,12.0898,0.0133091018,0.0133091018
12.3351,12.0611,0.0428998207,0.0428998207
12.3393,12.0653,0.0428998207,0.0428998207
12.383,12.109,0.4646186018,0.4646186018
12.428,12.154,0.4646186018,0.4646186018
12.528,12.254,0.5113473412,0.5113473412
12.3445,12.0705,0.5489344751,0.5489344751
12.5339,12.2599,0.5113473412,0.5113473412
12.5616,12.2876,0.5489344751,0.5489344751
12.2612,11.9872,0.952549293,0.952549293
12.3716,12.0976,0.952549293,0.952549293
12.1546,11.8806,0.9753087036,0.9753087036
12.2194,11.9454,0.9753087036,0.9753087036
12.256,11.982,0.9915156343,0.9915156343
12.1827,11.9087,0.9915156343,0.9915156343
12.3285,12.0545,0.00600478,0.00600478
12.3534,12.0794,0.00600478,0.00600478
12.194,11.92,0.0228988249,0.0228988249
12.2294,11.9554,0.0228988249,0.0228988249
12.3953,12.1213,0.0373829914,0.0373829914
12.3731,12.0991,0.0373829914,0.0373829914
12.1639,11.8899,0.9680491934,0.9680491934
12.3601,12.0861,0.9680491934,0.9680491934
12.1556,11.8816,0.9607996415,0.9607996415
12.1833,11.9093,0.9607996415,0.9607996415
12.3252,12.0512,0.0014937264,0.0014937264
12.264,11.99,0.0014937264,0.0014937264
12.3701,12.0961,0.8928350926,0.8928350926
12.4276,12.1536,0.8928350926,0.8928350926
12.244,11.97,0.3913114918,0.3913114918
12.2228,11.9488,0.3913114918,0.3913114918
12.2089,11.9349,0.4130103565,0.4130103565
12.2154,11.9414,0.4130103565,0.4130103565
12.4316,12.1576,0.3351523603,0.3351523603
12.4952,12.2212,0.3351523603,0.3351523603
12.1757,11.9017,0.8358942442,0.8358942442
12.0758,11.8018,0.8358942442,0.8358942442
12.55,12.276,0.2162467636,0.2162467636
12.8862,12.6122,0.2162467636,0.2162467636
12.1449,11.8709,0.1358394742,0.1358394742
12.144,11.87,0.1358394742,0.1358394742
12.1445,11.8705,0.6410077673,0.6410077673
12.0725,11.7985,0.6410077673,0.6410077673
12.1562,11.8822,0.1241137224,0.1241137224
12.1328,11.8588,0.1241137224,0.1241137224
12.057,11.783,0.0474905397,0.0474905397
11.8881,11.6141,0.0626767577,0.0626767577
11.9924,11.7184,0.0626767577,0.0626767577
11.8724,11.5984,0.0474905397,0.0474905397
12.176,11.902,0.5488647679,0.5488647679
12.1867,11.9127,0.5488647679,0.5488647679
11.9566,11.6826,0.0423122885,0.0423122885
12.0101,11.7361,0.0423122885,0.0423122885
12.4232,12.1492,0.5604710219,0.5604710219
12.1832,11.9092,0.5604710219,0.5604710219
12.3225,12.0485,0.9889762996,0.9889762996
12.3539,12.0799,0.9889762996,0.9889762996
12.2401,11.9661,0.5067217687,0.5067217687
12.161,11.887,0.5067217687,0.5067217687
11.6416,11.3676,0.1528281219,0.1528281219
12.2711,11.9971,0.4942840074,0.4942840074
12.3463,12.0723,0.1509261102,0.1509261102
11.6189,11.3449,0.1528281219,0.1528281219
12.2705,11.9965,0.1509261102,0.1509261102
12.1256,11.8516,0.4942840074,0.4942840074
12.3294,12.0554,0.3317665803,0.3317665803
12.3012,12.0272,0.3317665803,0.3317665803
12.061,11.787,0.8109042024,0.8109042024
12.1001,11.8261,0.8109042024,0.8109042024
12.1722,11.8982,0.8307309302,0.8307309302
12.1939,11.9199,0.8307309302,0.8307309302
12.3073,12.0333,0.3083150766,0.3083150766
12.3581,12.0841,0.3083150766,0.3083150766
12.3844,12.1104,0.805900219,0.805900219
12.3146,12.0406,0.805900219,0.805900219
12.6169,12.3429,0.3043417646,0.3043417646
12.5152,12.2412,0.3043417646,0.3043417646
12.3345,12.0605,0.8022704642,0.8022704642
12.3208,12.0468,0.8022704642,0.8022704642
12.6207,12.3467,0.3084744074,0.3084744074
12.546,12.272,0.3084744074,0.3084744074
12.2029,11.9289,0.8156293568,0.8156293568
12.0636,11.7896,0.8156293568,0.8156293568
12.1713,11.8973,0.3407140011,0.3407140011
12.2456,11.9716,0.3407140011,0.3407140011
12.2965,12.0225,0.828296156,0.828296156
12.2595,11.9855,0.828296156,0.828296156
12.3366,12.0626,0.989454292,0.989454292
12.3625,12.0885,0.9979038041,0.9979038041
12.3014,12.0274,0.989454292,0.989454292
12.4111,12.1371,0.9979038041,0.9979038041
12.0406,11.7666,0.0273003385,0.0273003385
11.9571,11.6831,0.0273003385,0.0273003385
12.3858,12.1118,0.5034106751,0.5034106751
12.2379,11.9639,0.4892700658,0.4892700658
12.0646,11.7906,0.5171181039,0.5171181039
12.198,11.924,0.4892700658,0.4892700658
12.3364,12.0624,0.5034106751,0.5034106751
12.0226,11.7486,0.5171181039,0.5171181039
12.2329,11.9589,0.4485361481,0.4485361481
12.1697,11.8957,0.4485361481,0.4485361481
12.311,12.037,0.8788090023,0.8788090023
12.308,12.034,0.8626020713,0.8626020713
12.25,11.976,0.8788090023,0.8788090023
12.3232,12.0492,0.8626020713,0.8626020713
12.1016,11.8276,0.8953594901,0.8953594901
12.0794,11.8054,0.8953594901,0.8953594901
12.9057,12.6317,0.2663513243,0.2663513243
12.3753,12.1013,0.7772057358,0.7772057358
12.8863,12.6123,0.2663513243,0.2663513243
12.2889,12.0149,0.8037592114,0.8037592114
12.4997,12.2257,0.7772057358,0.7772057358
12.2635,11.9895,0.8037592114,0.8037592114
12.0158,11.7418,0.2585690101,0.2585690101
11.9742,11.7002,0.2585690101,0.2585690101
12.2156,11.9416,0.7247610038,0.7247610038
12.2213,11.9473,0.7247610038,0.7247610038
12.2614,11.9874,0.6690300737,0.6690300737
12.3563,12.0823,0.6690300737,0.6690300737
12.2969,12.0229,0.6597191795,0.6597191795
12.2952,12.0212,0.6597191795,0.6597191795
12.2958,12.0218,0.6253933479,0.6253933479
12.27,11.996,0.6253933479,0.6253933479
12.199,11.925,0.6364319855,0.6364319855
12.2076,11.9336,0.6364319855,0.6364319855
12.2366,11.9626,0.6450557657,0.6450557657
12.2074,11.9334,0.6450557657,0.6450557657
12.2626,11.9886,0.619054969,0.619054969
12.2074,11.9334,0.619054969,0.619054969
12.3311,12.0571,0.6105008962,0.6105008962
12.2734,11.9994,0.6105008962,0.6105008962
12.2129,11.9389,0.50283808,0.50283808
12.2514,11.9774,0.50283808,0.50283808
12.2217,11.9477,0.0045608446,0.0045608446
12.1957,11.9217,0.0045608446,0.0045608446
12.9772,12.7032,0.149661422,0.149661422
13.14,12.866,0.1606950808,0.1606950808
12.9673,12.6933,0.149661422,0.149661422
13.0938,12.8198,0.1606950808,0.1606950808
12.478,12.204,0.6496564431,0.6496564431
12.4633,12.1893,0.6496564431,0.6496564431
12.0298,11.7558,0.6753485362,0.6753485362
11.9957,11.7217,0.6753485362,0.6753485362
12.3023,12.0283,0.0025293766,0.0025293766
12.2609,11.9869,0.0025293766,0.0025293766
12.1546,11.8806,0.4167048397,0.4167048397
12.1202,11.8462,0.4167048397,0.4167048397
12.2228,11.9488,0.3147181836,0.3147181836
12.3026,12.0286,0.7599731131,0.7599731131
12.2877,12.0137,0.7599731131,0.7599731131
12.1907,11.9167,0.3147181836,0.3147181836
12.334,12.06,0.101244772,0.101244772
12.3332,12.0592,0.101244772,0.101244772
12.3028,12.0288,0.5826777534,0.5826777534
12.221,11.947,0.5826777534,0.5826777534
12.297,12.023,0.6213304123,0.6213304123
12.2379,11.9639,0.6213304123,0.6213304123
12.245,11.971,0.0910675166,0.0910675166
12.2153,11.9413,0.0910675166,0.0910675166
12.1457,11.8717,0.5753684527,0.5753684527
12.2047,11.9307,0.5753684527,0.5753684527
12.268,11.994,0.6236506673,0.6236506673
12.2268,11.9528,0.6236506673,0.6236506673
12.5495,12.2755,0.7029525993,0.7029525993
12.4109,12.1369,0.6655447123,0.6655447123
12.4974,12.2234,0.6655447123,0.6655447123
12.6168,12.3428,0.7029525993,0.7029525993
12.4558,12.1818,0.7043218482,0.7043218482
12.3909,12.1169,0.7043218482,0.7043218482
12.2595,11.9855,0.6062238598,0.6062238598
12.2073,11.9333,0.6062238598,0.6062238598
12.4217,12.1477,0.0929446326,0.0929446326
12.4177,12.1437,0.0929446326,0.0929446326
12.6384,12.3644,0.1581159133,0.1581159133
12.6255,12.3515,0.1581159133,0.1581159133
12.3028,12.0288,0.5879456286,0.5879456286
12.2395,11.9655,0.5879456286,0.5879456286
12.3965,12.1225,0.1184574787,0.1184574787
12.4127,12.1387,0.1184574787,0.1184574787
12.6442,12.3702,0.1694931289,0.1694931289
12.602,12.328,0.1694931289,0.1694931289
12.4944,12.2204,0.4897878909,0.4897878909
12.5118,12.2378,0.4897878909,0.4897878909
12.1939,11.9199,0.5339275045,0.5339275045
12.2219,11.9479,0.5339275045,0.5339275045
12.1499,11.8759,0.0042720574,0.0042720574
12.2036,11.9296,0.0042720574,0.0042720574
12.2388,11.9648,0.0025393349,0.0025393349
11.7519,11.4779,0.0708225453,0.0708225453
12.2212,11.9472,0.0025393349,0.0025393349
11.8026,11.5286,0.0708225453,0.0708225453
12.1964,11.9224,0.5240888269,0.5240888269
12.1802,11.9062,0.5240888269,0.5240888269
12.27,11.996,0.4818313085,0.4818313085
12.2234,11.9494,0.4818313085,0.4818313085
12.2145,11.9405,0.5083847839,0.5083847839
12.1528,11.8788,0.5083847839,0.5083847839
12.2713,11.9973,0.0180989841,0.0180989841
12.2224,11.9484,0.0180989841,0.0180989841
12.2972,12.0232,0.5138966342,0.5138966342
12.3311,12.0571,0.5138966342,0.5138966342
12.1852,11.9112,0.0024746067,0.0024746067
12.2136,11.9396,0.0024746067,0.0024746067
12.3664,12.0924,0.9237602073,0.9237602073
12.3691,12.0951,0.9237602073,0.9237602073
12.1967,11.9227,0.4217785301,0.4217785301
12.1863,11.9123,0.4217785301,0.4217785301
12.225,11.951,0.9734913366,0.9734913366
12.2877,12.0137,0.9734913366,0.9734913366
12.4684,12.1944,0.4169189405,0.4169189405
12.384,12.11,0.4169189405,0.4169189405
12.2615,11.9875,0.3372336188,0.3372336188
12.2655,11.9915,0.3372336188,0.3372336188
12.2291,11.9551,0.8572893845,0.8572893845
12.2362,11.9622,0.8572893845,0.8572893845
12.2824,12.0084,0.8383489344,0.8383489344
12.2612,11.9872,0.8383489344,0.8383489344
12.1941,11.9201,0.3317018521,0.3317018521
12.2165,11.9425,0.3645787692,0.3645787692
12.3407,12.0667,0.8944184425,0.8944184425
12.2323,11.9583,0.3317018521,0.3317018521
12.1996,11.9256,0.3645787692,0.3645787692
12.3621,12.0881,0.8944184425,0.8944184425
12.1669,11.8929,0.847908783,0.847908783
12.251,11.977,0.847908783,0.847908783
12.4277,12.1537,0.8663363871,0.8663363871
12.4378,12.1638,0.8663363871,0.8663363871
12.5649,12.2909,0.1642650866,0.1642650866
12.563,12.289,0.1642650866,0.1642650866
12.2187,11.9447,0.0125771759,0.0125771759
12.1855,11.9115,0.0125771759,0.0125771759
12.0021,11.7281,0.8724208326,0.8724208326
12.2232,11.9492,0.0785202153,0.0785202153
12.2287,11.9547,0.0785202153,0.0785202153
12.0347,11.7607,0.8724208326,0.8724208326
12.1658,11.8918,0.3382692689,0.3382692689
12.2032,11.9292,0.8357000599,0.8357000599
12.1958,11.9218,0.3382692689,0.3382692689
12.1697,11.8957,0.8357000599,0.8357000599
12.2598,11.9858,0.8189603664,0.8189603664
12.2928,12.0188,0.8189603664,0.8189603664
12.2313,11.9573,0.8949063931,0.8949063931
12.2536,11.9796,0.8949063931,0.8949063931
12.3693,12.0953,0.93826429,0.93826429
12.3165,12.0425,0.93826429,0.93826429
12.6621,12.3881,0.2808105955,0.2808105955
12.6374,12.3634,0.2808105955,0.2808105955
12.1017,11.8277,0.2720025891,0.2720025891
12.2064,11.9324,0.2720025891,0.2720025891
12.5435,12.2695,0.306512647,0.306512647
12.4763,12.2023,0.306512647,0.306512647
12.777,12.503,0.2573391753,0.2573391753
12.7968,12.5228,0.2573391753,0.2573391753
12.7052,12.4312,0.2972266479,0.2972266479
12.7826,12.5086,0.2972266479,0.2972266479
12.7307,12.4567,0.18651663,0.18651663
12.7985,12.5245,0.18651663,0.18651663
12.1586,11.8846,0.6884983072,0.6884983072
12.1826,11.9086,0.6884983072,0.6884983072
12.4051,12.1311,0.6788388767,0.6788388767
12.4297,12.1557,0.6788388767,0.6788388767
12.4325,12.1585,0.1676259709,0.1676259709
12.4656,12.1916,0.1676259709,0.1676259709
13.2855,13.0115,0.2291824337,0.2291824337
13.2917,13.0177,0.2291824337,0.2291824337
12.2479,11.9739,0.6540031865,0.6540031865
12.3609,12.0869,0.7083150767,0.7083150767
12.3071,12.0331,0.7083150767,0.7083150767
12.2761,12.0021,0.6540031865,0.6540031865
12.4434,12.1694,0.1606353317,0.1606353317
12.4416,12.1676,0.1606353317,0.1606353317
13.083,12.809,0.2350428202,0.2350428202
13.0776,12.8036,0.2350428202,0.2350428202
12.3231,12.0491,0.6612378012,0.6612378012
12.3516,12.0776,0.6612378012,0.6612378012
12.4142,12.1402,0.7005526788,0.7005526788
12.3791,12.1051,0.7005526788,0.7005526788
12.5237,12.2497,0.7381398129,0.7381398129
12.5045,12.2305,0.7381398129,0.7381398129
12.25,11.976,0.5759958177,0.5759958177
12.5359,12.2619,0.1480681141,0.1480681141
12.6455,12.3715,0.1480681141,0.1480681141
12.1808,11.9068,0.5759958177,0.5759958177
12.3113,12.0373,0.6241037643,0.6241037643
12.2838,12.0098,0.6241037643,0.6241037643
12.3276,12.0536,0.1067018523,0.1067018523
12.2948,12.0208,0.1067018523,0.1067018523
12.2571,11.9831,0.5566421031,0.5566421031
12.2681,11.9941,0.5566421031,0.5566421031
12.2053,11.9313,0.5381746663,0.5381746663
12.2234,11.9494,0.5381746663,0.5381746663
12.4009,12.1269,0.0398974309,0.0398974309
12.4182,12.1442,0.0398974309,0.0398974309
12.3732,12.0992,0.5585192194,0.5585192194
12.3663,12.0923,0.5585192194,0.5585192194
12.2102,11.9362,0.9211511651,0.9211511651
12.2304,11.9564,0.9211511651,0.9211511651
11.9678,11.6938,0.5551135231,0.5551135231
11.897,11.623,0.5551135231,0.5551135231
11.9355,11.6615,0.0599432385,0.0599432385
11.8906,11.6166,0.0599432385,0.0599432385
12.0347,11.7607,0.314907389,0.314907389
12.19,11.916,0.314907389,0.314907389
12.2135,11.9395,0.2038139814,0.2038139814
12.308,12.034,0.2038139814,0.2038139814
12.3793,12.1053,0.6939802829,0.6939802829
12.057,11.783,0.6939802829,0.6939802829
12.2007,11.9267,0.6404799841,0.6404799841
12.0665,11.7925,0.5901862178,0.5901862178
12.04,11.766,0.5901862178,0.5901862178
12.2902,12.0162,0.6057458672,0.6057458672
12.2391,11.9651,0.6057458672,0.6057458672
12.124,11.85,0.2670781922,0.2670781922
12.0671,11.7931,0.2670781922,0.2670781922
11.9608,11.6868,0.4794911373,0.4794911373
12.0914,11.8174,0.4794911373,0.4794911373
12.0935,11.8195,0.9958673572,0.9958673572
12.234,11.96,0.9958673572,0.9958673572
12.0072,11.7332,0.4789733121,0.4789733121
12.0108,11.7368,0.4789733121,0.4789733121
12.1258,11.8518,0.9237253534,0.9237253534
12.0668,11.7928,0.9237253534,0.9237253534
12.1864,11.9124,0.9364867555,0.9364867555
12.1894,11.9154,0.9364867555,0.9364867555
12.1106,11.8366,0.3188408682,0.3188408682
12.3469,12.0729,0.3188408682,0.3188408682
11.9676,11.6936,0.3335939058,0.3335939058
12.0044,11.7304,0.3335939058,0.3335939058
12.4013,12.1273,0.3167845052,0.3167845052
12.3221,12.0481,0.3167845052,0.3167845052
11.8682,11.5942,0.6462607051,0.6462607051
11.8663,11.5923,0.6462607051,0.6462607051
11.9563,11.6823,0.9056861183,0.9056861183
11.8974,11.6234,0.9056861183,0.9056861183
12.2355,11.9615,0.4574935274,0.4574935274
12.1766,11.9026,0.4574935274,0.4574935274
11.8811,11.6071,0.8840519818,0.8840519818
12.0723,11.7983,0.7204242182,0.7204242182
12.1812,11.9072,0.7204242182,0.7204242182
13.258,12.984,0.2252240589,0.2252240589
13.2603,12.9863,0.2252240589,0.2252240589
11.8088,11.5348,0.1192939653,0.1192939653
11.8265,11.5525,0.1192939653,0.1192939653
12.4136,12.1396,0.5933778133,0.5933778133
12.3316,12.0576,0.9931338378,0.9931338378
12.268,11.994,0.9931338378,0.9931338378
12.415,12.141,0.5933778133,0.5933778133
12.0191,11.7451,0.9612228639,0.9612228639
12.1102,11.8362,0.9612228639,0.9612228639
12.4208,12.1468,0.4042820156,0.4042820156
12.3897,12.1157,0.4042820156,0.4042820156
12.5086,12.2346,0.2001095399,0.2001095399
12.5157,12.2417,0.2001095399,0.2001095399
12.276,12.002,0.6073939456,0.6073939456
12.2569,11.9829,0.6073939456,0.6073939456
12.1587,11.8847,0.1199711213,0.1199711213
12.1115,11.8375,0.1199711213,0.1199711213
11.991,11.717,0.5806612228,0.5806612228
11.9936,11.7196,0.5806612228,0.5806612228
11.8903,11.6163,0.6949362676,0.6949362676
11.8681,11.5941,0.6949362676,0.6949362676
11.752,11.478,0.5682433778,0.5682433778
11.8484,11.5744,0.5682433778,0.5682433778
12.3919,12.1179,0.5768621788,0.5768621788
12.4413,12.1673,0.5768621788,0.5768621788
11.7315,11.4575,0.0927205736,0.0927205736
12.3017,12.0277,0.0927205736,0.0927205736
12.1771,11.9031,0.6064927305,0.6064927305
12.0754,11.8014,0.6064927305,0.6064927305
12.1946,11.9206,0.0240390359,0.0240390359
12.0707,11.7967,0.9967984466,0.9967984466
11.9865,11.7125,0.9967984466,0.9967984466
12.2764,12.0024,0.0240390359,0.0240390359
12.3,12.026,0.0497311293,0.0497311293
12.3068,12.0328,0.0497311293,0.0497311293
11.6527,11.3787,0.0198964351,0.0198964351
11.6942,11.4202,0.0198964351,0.0198964351
11.8063,11.5323,0.9966241783,0.9966241783
11.8608,11.5868,0.9966241783,0.9966241783
12.0439,11.7699,0.5171330413,0.5171330413
11.9803,11.7063,0.5171330413,0.5171330413
12.2036,11.9296,0.0450707031,0.0450707031
12.0687,11.7947,0.0450707031,0.0450707031
11.6189,11.3449,0.5340320654,0.5340320654
11.5879,11.3139,0.5340320654,0.5340320654
11.5182,11.2442,0.0029924319,0.0029924319
11.7794,11.5054,0.0029924319,0.0029924319
12.1011,11.8271,0.9864369647,0.9864369647
12.1744,11.9004,0.9864369647,0.9864369647
11.8042,11.5302,0.0067815176,0.0067815176
11.5791,11.3051,0.0067815176,0.0067815176
12.1556,11.8816,0.815250946,0.815250946
12.2137,11.9397,0.815250946,0.815250946
12.021,11.747,0.3118004381,0.3118004381
11.9971,11.7231,0.3118004381,0.3118004381
12.2713,11.9973,0.3232523402,0.3232523402
12.2247,11.9507,0.3232523402,0.3232523402
12.523,12.249,0.2645538738,0.2645538738
12.5245,12.2505,0.2645538738,0.2645538738
12.0505,11.7765,0.3085192193,0.3085192193
12.0658,11.7918,0.3085192193,0.3085192193
11.7502,11.4762,0.7640360486,0.7640360486
11.7471,11.4731,0.7640360486,0.7640360486
12.3549,12.0809,0.7911073491,0.7911073491
12.3134,12.0394,0.7911073491,0.7911073491
12.0808,11.8068,0.8145538737,0.8145538737
12.0142,11.7402,0.8145538737,0.8145538737
12.635,12.361,0.2545508862,0.2545508862
12.1623,11.8883,0.8273102968,0.8273102968
12.172,11.898,0.8273102968,0.8273102968
12.4032,12.1292,0.2545508862,0.2545508862
11.6524,11.3784,0.7493676559,0.7493676559
11.9196,11.6456,0.683444533,0.683444533
12.0797,11.8057,0.3333997212,0.3333997212
12.1134,11.8394,0.3333997212,0.3333997212
12.1815,11.9075,0.254869548,0.254869548
11.7893,11.5153,0.2703893647,0.2703893647
11.7858,11.5118,0.2703893647,0.2703893647
12.3586,12.0846,0.7051732722,0.7051732722
12.3535,12.0795,0.7051732722,0.7051732722
12.9606,12.6866,0.1793069109,0.1793069109
12.9657,12.6917,0.1793069109,0.1793069109
12.264,11.99,0.6794761999,0.6794761999
12.2811,12.0071,0.6794761999,0.6794761999
12.5211,12.2471,0.2486158136,0.2486158136
12.5231,12.2491,0.2486158136,0.2486158136
13.0704,12.7964,0.1823989246,0.1823989246
13.0855,12.8115,0.1823989246,0.1823989246
12.1639,11.8899,0.7099681339,0.7099681339
12.1916,11.9176,0.7099681339,0.7099681339
11.8735,11.5995,0.6537193786,0.6537193786
11.9119,11.6379,0.6537193786,0.6537193786
12.3883,12.1143,0.1324935272,0.1324935272
12.4008,12.1268,0.1324935272,0.1324935272
12.6726,12.3986,0.0925014937,0.0925014937
12.6644,12.3904,0.0925014937,0.0925014937
12.1006,11.8266,0.9812039435,0.9812039435
12.0987,11.8247,0.9812039435,0.9812039435
11.8483,11.5743,0.4635779724,0.4635779724
11.8535,11.5795,0.4635779724,0.4635779724
11.8753,11.6013,0.950453097,0.950453097
11.8192,11.5452,0.4313134834,0.4313134834
11.827,11.553,0.4313134834,0.4313134834
11.8834,11.6094,0.950453097,0.950453097
12.1436,11.8696,0.4118253336,0.4118253336
12.1405,11.8665,0.4118253336,0.4118253336
11.8489,11.5749,0.9536845251,0.9536845251
11.8523,11.5783,0.9536845251,0.9536845251
12.1382,11.8642,0.9032214698,0.9032214698
12.1752,11.9012,0.9032214698,0.9032214698
12.0104,11.7364,0.8776438956,0.8776438956
12.2322,11.9582,0.8776438956,0.8776438956
11.9639,11.6899,0.8583200559,0.8583200559
12.2152,11.9412,0.8583200559,0.8583200559
11.9002,11.6262,0.3640061742,0.3640061742
11.8255,11.5515,0.3640061742,0.3640061742
11.6439,11.3699,0.8569259111,0.8569259111
11.9422,11.6682,0.8569259111,0.8569259111
12.5719,12.2979,0.7996116312,0.7996116312
12.5553,12.2813,0.7996116312,0.7996116312
12.8332,12.5592,0.2999502091,0.2999502091
13.1343,12.8603,0.2999502091,0.2999502091
12.7728,12.4988,0.2999502091,0.2999502091
12.11,11.836,0.8854013144,0.8854013144
12.0322,11.7582,0.8854013144,0.8854013144
12.3022,12.0282,0.3874676359,0.3874676359
12.2793,12.0053,0.3874676359,0.3874676359
11.791,11.517,0.8398974306,0.8398974306
11.8341,11.5601,0.8398974306,0.8398974306
12.1367,11.8627,0.0174965145,0.0174965145
12.0571,11.7831,0.5230282812,0.5230282812
12.0203,11.7463,0.5230282812,0.5230282812
12.1198,11.8458,0.0174965145,0.0174965145
12.9433,12.6693,0.2298197569,0.2298197569
12.9389,12.6649,0.2298197569,0.2298197569
11.9084,11.6344,0.7982921729,0.7982921729
12.1143,11.8403,0.7982921729,0.7982921729
12.7265,12.4525,0.2327375024,0.2327375024
12.6732,12.3992,0.2327375024,0.2327375024
12.1358,11.8618,0.2675612428,0.2675612428
12.8952,12.6212,0.4949213095,0.4949213095
12.8924,12.6184,0.4949213095,0.4949213095
12.3798,12.1058,0.2499800836,0.2499800836
12.0774,11.8034,0.2675612428,0.2675612428
12.4412,12.1672,0.2499800836,0.2499800836
12.6652,12.3912,0.2258315078,0.2258315078
12.6019,12.3279,0.2258315078,0.2258315078
12.961,12.687,0.2087084247,0.2087084247
12.9231,12.6491,0.2087084247,0.2087084247
13.0537,12.7797,0.1913363871,0.1913363871
13.0851,12.8111,0.1913363871,0.1913363871
12.3618,12.0878,0.248575981,0.248575981
12.3666,12.0926,0.248575981,0.248575981
12.9754,12.7014,0.2099531966,0.2099531966
12.9838,12.7098,0.2099531966,0.2099531966
12.4735,12.1995,0.1233469428,0.1233469428
12.4748,12.2008,0.1233469428,0.1233469428
12.5148,12.2408,0.1073043221,0.1073043221
11.8526,11.5786,0.132309301,0.132309301
11.8624,11.5884,0.132309301,0.132309301
12.5184,12.2444,0.1073043221,0.1073043221
12.6964,12.4223,0.1502389965,0.1502389965
12.7069,12.4329,0.1502389965,0.1502389965
12.5182,12.2442,0.1154003186,0.1154003186
12.3896,12.1156,0.0967785303,0.0967785303
12.5495,12.2755,0.1154003186,0.1154003186
12.3703,12.0963,0.0967785303,0.0967785303
12.596,12.322,0.1343656642,0.1343656642
12.6119,12.3379,0.1343656642,0.1343656642
11.8475,11.5735,0.9314379605,0.9314379605
11.8125,11.5385,0.9314379605,0.9314379605
12.1285,11.8545,0.8814329814,0.8814329814
12.099,11.825,0.8814329814,0.8814329814
12.1125,11.8385,0.8979884486,0.8979884486
12.0116,11.7376,0.9138518224,0.9138518224
12.1117,11.8377,0.8979884486,0.8979884486
12.1117,11.8377,0.8986705837,0.8986705837
12.0889,11.8149,0.8986705837,0.8986705837
12.0016,11.7276,0.9138518224,0.9138518224
12.2546,11.9806,0.3044662418,0.3044662418
12.2398,11.9658,0.3044662418,0.3044662418
12.0154,11.7414,0.3355008963,0.3355008963
12.0363,11.7623,0.3199860587,0.3199860587
12.0471,11.7731,0.3355008963,0.3355008963
12.0538,11.7798,0.3199860587,0.3199860587
11.9347,11.6607,0.2922226648,0.2922226648
11.879,11.605,0.2922226648,0.2922226648
12.0864,11.8124,0.3368751246,0.3368751246
12.0079,11.7339,0.3213553076,0.3213553076
12.0023,11.7283,0.3213553076,0.3213553076
12.1017,11.8277,0.3368751246,0.3368751246
12.2961,12.0221,0.2827325232,0.2827325232
12.2767,12.0027,0.2827325232,0.2827325232
12.0354,11.7614,0.3256622187,0.3256622187
12.4988,12.2248,0.2678998208,0.2678998208
12.5225,12.2485,0.2678998208,0.2678998208
11.8676,11.5936,0.3256622187,0.3256622187
11.9984,11.7244,0.3406642103,0.3406642103
12.0077,11.7337,0.3406642103,0.3406642103
12.2523,11.9783,0.7758315075,0.7758315075
12.041,11.767,0.8339374626,0.8339374626
12.0543,11.7803,0.8339374626,0.8339374626
12.2711,11.9971,0.7758315075,0.7758315075
12.1076,11.8336,0.4757070307,0.4757070307
12.1805,11.9065,0.4908832902,0.4908832902
12.2171,11.9431,0.4908832902,0.4908832902
12.1364,11.8624,0.4836337383,0.4836337383
12.1198,11.8458,0.4836337383,0.4836337383
12.0871,11.8131,0.5017377016,0.5017377016
12.1077,11.8337,0.998979287,0.998979287
12.0683,11.7943,0.5017377016,0.5017377016
12.1125,11.8385,0.998979287,0.998979287
12.2014,11.9274,0.9532613026,0.9532613026
12.2353,11.9613,0.9532613026,0.9532613026
12.1386,11.8646,0.4384335789,0.4384335789
12.1586,11.8846,0.4384335789,0.4384335789
12.3841,12.1101,0.454984067,0.454984067
12.241,11.967,0.9336038637,0.9336038637
12.1523,11.8783,0.9504979087,0.9504979087
12.1315,11.8575,0.9504979087,0.9504979087
12.205,11.931,0.912183828,0.912183828
12.2218,11.9478,0.912183828,0.912183828
12.1947,11.9207,0.9287343158,0.9287343158
12.2031,11.9291,0.9228689502,0.9228689502
12.1141,11.8401,0.9228689502,0.9228689502
12.2023,11.9283,0.3925114518,0.3925114518
12.1936,11.9196,0.4139016132,0.4139016132
12.2103,11.9363,0.4139016132,0.4139016132
12.2183,11.9443,0.3925114518,0.3925114518
12.1819,11.9079,0.7430641305,0.7430641305
12.1646,11.8906,0.7430641305,0.7430641305
12.3281,12.0541,0.7640957976,0.7640957976
12.3372,12.0632,0.7640957976,0.7640957976
12.5561,12.2821,0.2368552083,0.2368552083
12.5444,12.2704,0.2368552083,0.2368552083
12.2735,11.9995,0.2556213904,0.2556213904
12.0703,11.7963,0.2837482575,0.2837482575
12.3057,12.0317,0.2556213904,0.2556213904
12.0786,11.8046,0.2837482575,0.2837482575
12.84,12.566,0.1754182434,0.1754182434
13.2573,12.9833,0.1916251743,0.1916251743
13.2694,12.9954,0.1916251743,0.1916251743
12.2687,11.9947,0.6730033859,0.6730033859
12.1985,11.9245,0.6730033859,0.6730033859
12.0857,11.8117,0.6888667597,0.6888667597
12.3684,12.0944,0.7047251544,0.7047251544
12.3627,12.0887,0.7047251544,0.7047251544
12.301,12.027,0.7205885282,0.7205885282
13.2703,12.9963,0.1688607846,0.1688607846
12.287,12.013,0.7205885282,0.7205885282
13.2446,12.9706,0.1688607846,0.1688607846
13.0426,12.7686,0.1892103167,0.1892103167
11.6341,11.3601,0.8166052578,0.8166052578
11.9171,11.6431,0.9397032464,0.9397032464
12.1085,11.8345,0.9557359093,0.9557359093
12.1098,11.8358,0.9557359093,0.9557359093
12.1857,11.9117,0.4062487552,0.4062487552
12.0817,11.8077,0.4062487552,0.4062487552
11.9648,11.6908,0.9397032464,0.9397032464
12.1523,11.8783,0.4224556861,0.4224556861
12.1263,11.8523,0.4224556861,0.4224556861
12.0246,11.7506,0.4383190599,0.4383190599
12.024,11.75,0.4383190599,0.4383190599
12.0796,11.8056,0.4541824338,0.4541824338
12.1031,11.8291,0.4714200359,0.4714200359
12.1271,11.8531,0.4714200359,0.4714200359
12.0759,11.8019,0.4541824338,0.4541824338
12.2816,12.0076,0.9148675561,0.9148675561
12.2956,12.0216,0.9148675561,0.9148675561
12.1879,11.9139,0.9524546903,0.9524546903
12.1459,11.8719,0.9524546903,0.9524546903
11.9328,11.6588,0.967625971,0.967625971
12.0946,11.8206,0.4214200359,0.4214200359
11.955,11.681,0.967625971,0.967625971
12.0514,11.7774,0.4041774549,0.4041774549
12.0463,11.7723,0.4369348737,0.4369348737
12.0815,11.8075,0.4369348737,0.4369348737
12.0101,11.7361,0.9041724757,0.9041724757
12.0027,11.7287,0.9041724757,0.9041724757
12.1354,11.8614,0.9214150569,0.9214150569
12.1425,11.8685,0.9403804024,0.9403804024
12.1042,11.8302,0.9214150569,0.9214150569
12.1556,11.8816,0.9403804024,0.9403804024
12.2692,11.9952,0.8698167696,0.8698167696
12.3089,12.0349,0.8434375624,0.8434375624
12.3379,12.0639,0.8434375624,0.8434375624
12.1525,11.8785,0.8698167696,0.8698167696
12.1525,11.8785,0.8951653058,0.8951653058
12.1091,11.8351,0.9193039236,0.9193039236
12.1716,11.8976,0.8951653058,0.8951653058
12.1209,11.8469,0.9193039236,0.9193039236
12.111,11.837,0.3372186815,0.3372186815
12.0811,11.8071,0.3372186815,0.3372186815
12.266,11.992,0.3748058156,0.3748058156
12.2425,11.9685,0.3748058156,0.3748058156
12.0413,11.7673,0.4210117508,0.4210117508
12.0159,11.7419,0.4210117508,0.4210117508
12.2013,11.9273,0.8323889663,0.8323889663
12.2169,11.9429,0.8323889663,0.8323889663
12.0695,11.7955,0.9221320454,0.9221320454
12.0575,11.7835,0.88084047,0.88084047
12.0032,11.7292,0.9221320454,0.9221320454
12.0401,11.7661,0.88084047,0.88084047
12.1642,11.8902,0.3256622187,0.3256622187
12.1909,11.9169,0.3256622187,0.3256622187
12.1572,11.8832,0.3744572794,0.3744572794
11.9117,11.6377,0.405835491,0.405835491
12.0472,11.7732,0.3910077674,0.3910077674
12.1654,11.8914,0.3744572794,0.3744572794
12.0323,11.7583,0.3910077674,0.3910077674
11.9185,11.6445,0.405835491,0.405835491
11.927,11.653,0.4168641706,0.4168641706
11.8921,11.6181,0.4168641706,0.4168641706
12.2632,11.9892,0.8044413463,0.8044413463
12.2656,11.9916,0.8044413463,0.8044413463
11.9169,11.6429,0.898411671,0.898411671
11.9382,11.6642,0.898411671,0.898411671
12.1649,11.8909,0.3092660824,0.3092660824
12.1646,11.8906,0.3092660824,0.3092660824
12.126,11.852,0.4008215494,0.4008215494
12.0924,11.8184,0.4008215494,0.4008215494
12.182,11.908,0.8096096394,0.8096096394
12.1932,11.9192,0.8096096394,0.8096096394
12.1507,11.8767,0.3587482575,0.3587482575
12.1912,11.9172,0.3587482575,0.3587482575
12.011,11.737,0.8844353715,0.8844353715
11.9007,11.6267,0.8694383588,0.8694383588
11.9848,11.7108,0.8844353715,0.8844353715
12.0396,11.7656,0.8694383588,0.8694383588
11.9841,11.7101,0.3756423025,0.3756423025
11.9883,11.7143,0.3756423025,0.3756423025
12.3015,12.0275,0.2703395739,0.2703395739
12.2822,12.0082,0.2703395739,0.2703395739
12.0768,11.8028,0.2680093606,0.2680093606
12.0577,11.7837,0.2680093606,0.2680093606
11.7612,11.4872,0.8311093407,0.8311093407
11.7314,11.4574,0.8311093407,0.8311093407
11.9378,11.6638,0.7830810597,0.7830810597
11.9123,11.6383,0.8171330412,0.8171330412
11.8902,11.6162,0.8171330412,0.8171330412
11.957,11.683,0.7830810597,0.7830810597
12.1313,11.8573,0.2923869746,0.2923869746
12.1502,11.8762,0.2923869746,0.2923869746
11.9582,11.6842,0.3081657039,0.3081657039
11.9275,11.6535,0.3081657039,0.3081657039
12.1244,11.8504,0.7840270861,0.7840270861
12.1379,11.8639,0.7690250946,0.7690250946
12.1152,11.8412,0.754197371,0.754197371
12.1213,11.8473,0.7840270861,0.7840270861
12.158,11.884,0.7690250946,0.7690250946
12.1213,11.8473,0.754197371,0.754197371
12.1533,11.8793,0.6976050588,0.6976050588
12.1407,11.8667,0.6976050588,0.6976050588
12.0368,11.7628,0.2889314877,0.2889314877
12.0418,11.7678,0.2889314877,0.2889314877
11.9305,11.6565,0.2596544514,0.2596544514
11.8822,11.6082,0.2596544514,0.2596544514
12.0234,11.7494,0.2596544514,0.2596544514
12,11.726,0.2596544514,0.2596544514
12.3816,12.1076,0.7558354911,0.7558354911
12.735,12.461,0.7558354911,0.7558354911
12.7372,12.4632,0.7558354911,0.7558354911
12.3868,12.1128,0.7558354911,0.7558354911
11.8273,11.5533,0.2411969728,0.2411969728
11.7325,11.4585,0.2411969728,0.2411969728
12.1716,11.8976,0.2539434378,0.2539434378
12.2852,12.0112,0.1870244971,0.1870244971
12.3385,12.0645,0.2539434378,0.2539434378
13.134,12.86,0.6849332803,0.6849332803
12.3429,12.0689,0.1870244971,0.1870244971
12.3812,12.1072,0.1870244971,0.1870244971
12.2607,11.9867,0.1870244971,0.1870244971
12.8921,12.6181,0.6891157141,0.6891157141
13.1406,12.8666,0.6849332803,0.6849332803
13.2973,13.0233,0.6849332803,0.6849332803
13.3654,13.0914,0.6849332803,0.6849332803
12.0722,11.7982,0.1828420635,0.1828420635
12.6304,12.3564,0.1828420635,0.1828420635
12.6422,12.3682,0.1828420635,0.1828420635
12.1163,11.8423,0.1828420635,0.1828420635
12.3793,12.1053,0.6807508466,0.6807508466
12.5006,12.2266,0.6807508466,0.6807508466
12.3501,12.0761,0.1744771958,0.1744771958
12.1382,11.8642,0.1828420635,0.1828420635
12.0898,11.8158,0.1828420635,0.1828420635
12.3679,12.0939,0.1744771958,0.1744771958
12.0269,11.7529,0.1702947622,0.1702947622
12.0164,11.7424,0.1702947622,0.1702947622
12.4131,12.1391,0.6682035453,0.6682035453
12.3356,12.0616,0.6682035453,0.6682035453
12.4174,12.1434,0.6305616412,0.6305616412
12.422,12.148,0.6305616412,0.6305616412
12.1224,11.8484,0.126015734,0.126015734
12.1305,11.8565,0.126015734,0.126015734
11.9786,11.7046,0.1033758216,0.1033758216
11.9759,11.7019,0.1033758216,0.1033758216
11.9247,11.6507,0.6012846047,0.6012846047
12.1843,11.9103,0.6012846047,0.6012846047
12.1672,11.8932,0.1033758216,0.1033758216
12.5015,12.2275,0.05736905,0.05736905
12.4202,12.1462,0.05736905,0.05736905
12.1265,11.8525,0.1033758216,0.1033758216
12.067,11.793,0.05736905,0.05736905
12.0858,11.8118,0.05736905,0.05736905
12.268,11.994,0.5510953995,0.5510953995
12.2763,12.0023,0.5510953995,0.5510953995
12.3235,12.0495,0.5510953995,0.5510953995
12.3171,12.0431,0.5510953995,0.5510953995
12.3784,12.1044,0.5510953995,0.5510953995
12.3463,12.0723,0.5510953995,0.5510953995
12.042,11.768,0.0448217487,0.0448217487
12.0576,11.7836,0.0448217487,0.0448217487
12.4051,12.1311,0.0448217487,0.0448217487
12.3764,12.1024,0.0448217487,0.0448217487
11.9368,11.6628,0.5050886279,0.5050886279
12.1662,11.8922,0.5050886279,0.5050886279
11.8672,11.5932,0.4967237602,0.4967237602
11.9513,11.6773,0.5050886279,0.5050886279
11.9642,11.6902,0.4967237602,0.4967237602
12.1516,11.8776,0.5050886279,0.5050886279
12.2235,11.9495,0.5050886279,0.5050886279
12.204,11.93,0.5050886279,0.5050886279
12.1531,11.8791,0.4883588927,0.4883588927
12.1472,11.8732,0.4883588927,0.4883588927
11.8949,11.6209,0.4883588927,0.4883588927
11.8695,11.5955,0.4883588927,0.4883588927
11.9979,11.7239,0.4548994225,0.4548994225
12.1043,11.8303,0.4548994225,0.4548994225
11.8573,11.5833,0.4214399524,0.4214399524
11.8911,11.6171,0.4214399524,0.4214399524
12.1082,11.8342,0.4526190001,0.4526190001
12.1814,11.9074,0.4526190001,0.4526190001
12.132,11.858,0.8064230233,0.8064230233
12.1074,11.8334,0.8064230233,0.8064230233
12.1645,11.8905,0.3043318066,0.3043318066
12.7166,12.4426,0.7562338181,0.7562338181
12.1889,11.9149,0.7353216493,0.7353216493
12.2701,11.9961,0.7353216493,0.7353216493
12.2433,11.9693,0.7353216493,0.7353216493
12.3068,12.0328,0.7353216493,0.7353216493
12.4173,12.1433,0.5094702252,0.5094702252
12.3117,12.0377,0.5094702252,0.5094702252
12.285,12.011,0.5094702252,0.5094702252
12.3641,12.0901,0.7353216493,0.7353216493
12.3307,12.0567,0.5094702252,0.5094702252
12.3163,12.0423,0.5094702252,0.5094702252
11.9106,11.6366,0.4969229239,0.4969229239
11.921,11.647,0.4969229239,0.4969229239
12.18,11.906,0.4969229239,0.4969229239
11.9347,11.6607,0.4969229239,0.4969229239
11.931,11.657,0.4969229239,0.4969229239
12.108,11.834,0.4969229239,0.4969229239
11.871,11.597,0.994831707,0.994831707
12.6602,12.3862,0.7562338181,0.7562338181
12.2821,12.0081,0.994831707,0.994831707
11.8631,11.5891,0.994831707,0.994831707
12.2564,11.9824,0.994831707,0.994831707
12.0972,11.8232,0.994831707,0.994831707
12.0472,11.7732,0.4885580564,0.4885580564
12.0624,11.7884,0.994831707,0.994831707
12.2156,11.9416,0.4802230632,0.4802230632
11.9939,11.7199,0.4885580564,0.4885580564
12.1855,11.9115,0.4802230632,0.4802230632
12.0521,11.7781,0.4801931887,0.4801931887
12.0483,11.7743,0.4801931887,0.4801931887
12.1892,11.9152,0.4801931887,0.4801931887
12.2397,11.9657,0.4801931887,0.4801931887
12.1727,11.8987,0.4801931887,0.4801931887
11.9604,11.6864,0.4734166502,0.4734166502
12.1191,11.8451,0.4801931887,0.4801931887
11.9897,11.7157,0.4734166502,0.4734166502
12.1281,11.8541,0.9404600677,0.9404600677
12.201,11.927,0.9404600677,0.9404600677
12.2484,11.9744,0.9404600677,0.9404600677
11.9942,11.7202,0.9404600677,0.9404600677
12.0482,11.7742,0.9404600677,0.9404600677
12.0171,11.7431,0.4300039835,0.4300039835
11.9959,11.7219,0.4300039835,0.4300039835
12.0841,11.8101,0.4300039835,0.4300039835
11.9132,11.6392,0.4300039835,0.4300039835
12.0605,11.7865,0.4300039835,0.4300039835
11.9342,11.6602,0.4300039835,0.4300039835
11.9407,11.6667,0.9237303327,0.9237303327
11.9399,11.6659,0.9237303327,0.9237303327
12.3113,12.0373,0.9237303327,0.9237303327
12.0793,11.8053,0.9237303327,0.9237303327
12.1113,11.8373,0.9237303327,0.9237303327
12.1361,11.8621,0.9237303327,0.9237303327
11.9494,11.6754,0.8902708625,0.8902708625
11.8776,11.6036,0.8735411273,0.8735411273
11.7701,11.4961,0.8735411273,0.8735411273
12.1948,11.9208,0.3714499106,0.3714499106
12.1999,11.9259,0.3714499106,0.3714499106
12.043,11.769,0.3714499106,0.3714499106
12.0776,11.8036,0.3714499106,0.3714499106
11.9467,11.6727,0.3714499106,0.3714499106
12.0793,11.8053,0.3714499106,0.3714499106
11.8781,11.6041,0.3714499106,0.3714499106
12.0787,11.8047,0.3714499106,0.3714499106
12.0595,11.7855,0.3714499106,0.3714499106
11.8783,11.6043,0.3695478989,0.3695478989
11.9071,11.6331,0.3695478989,0.3695478989
11.7969,11.5229,0.8693586937,0.8693586937
12.1196,11.8456,0.8693586937,0.8693586937
12.1442,11.8702,0.8693586937,0.8693586937
12.1422,11.8682,0.8693586937,0.8693586937
12.1338,11.8598,0.8693586937,0.8693586937
11.8255,11.5515,0.8693586937,0.8693586937
12.0681,11.7941,0.8693586937,0.8693586937
12.043,11.769,0.8693586937,0.8693586937
12.2139,11.9399,0.3672674767,0.3672674767
12.1959,11.9219,0.3672674767,0.3672674767
12.0529,11.7789,0.3672674767,0.3672674767
12.0471,11.7731,0.3672674767,0.3672674767
12.1292,11.8552,0.3672674767,0.3672674767
12.1822,11.9082,0.3672674767,0.3672674767
12.1258,11.8518,0.3672674767,0.3672674767
11.8889,11.6149,0.8651762598,0.8651762598
12.2404,11.9664,0.3630850429,0.3630850429
12.2878,12.0138,0.3630850429,0.3630850429
12.2376,11.9636,0.3630850429,0.3630850429
12.3082,12.0342,0.3630850429,0.3630850429
12.378,12.104,0.3630850429,0.3630850429
11.8498,11.5758,0.8651762598,0.8651762598
12.2865,12.0125,0.3630850429,0.3630850429
12.142,11.868,0.860993826,0.860993826
12.284,12.01,0.3630850429,0.3630850429
12.2735,11.9995,0.3630850429,0.3630850429
12.1435,11.8695,0.860993826,0.860993826
12.2555,11.9815,0.860993826,0.860993826
12.2,11.926,0.3630850429,0.3630850429
12.1801,11.9061,0.3630850429,0.3630850429
12.2475,11.9735,0.860993826,0.860993826
12.4853,12.2113,0.860993826,0.860993826
12.528,12.254,0.860993826,0.860993826
12.1495,11.8755,0.860993826,0.860993826
12.1309,11.8569,0.860993826,0.860993826
12.2108,11.9368,0.860993826,0.860993826
12.086,11.812,0.860993826,0.860993826
12.2491,11.9751,0.860993826,0.860993826
12.0862,11.8122,0.860993826,0.860993826
12.4906,12.2166,0.3254431388,0.3254431388
12.0729,11.7989,0.3254431388,0.3254431388
12.1056,11.8316,0.3254431388,0.3254431388
12.3447,12.0707,0.8108046208,0.8108046208
12.4697,12.1957,0.8108046208,0.8108046208
12.3669,12.0929,0.8108046208,0.8108046208
12.2607,11.9867,0.8063085043,0.8063085043
12.2599,11.9859,0.8063085043,0.8063085043
12.4533,12.1793,0.8108046208,0.8108046208
12.254,11.98,0.3087134038,0.3087134038
12.5916,12.3176,0.3087134038,0.3087134038
12.626,12.352,0.3087134038,0.3087134038
12.6394,12.3654,0.3087134038,0.3087134038
12.2391,11.9651,0.3087134038,0.3087134038
12.6653,12.3913,0.3087134038,0.3087134038
12.3754,12.1014,0.3087134038,0.3087134038
12.4064,12.1324,0.3087134038,0.3087134038
11.9277,11.6537,0.3087134038,0.3087134038
12.1289,11.8549,0.3087134038,0.3087134038
11.9534,11.6794,0.3087134038,0.3087134038
12.1116,11.8376,0.3087134038,0.3087134038
12.7959,12.5219,0.7480681141,0.7480681141
12.5374,12.2634,0.3254431388,0.3254431388
12.7826,12.5086,0.7480681141,0.7480681141
12.5025,12.2285,0.7480681141,0.7480681141
12.4753,12.2013,0.7480681141,0.7480681141
13.1102,12.8362,0.7480681141,0.7480681141
13.1303,12.8563,0.7480681141,0.7480681141
12.3436,12.0696,0.7480681141,0.7480681141
12.3513,12.0773,0.7480681141,0.7480681141
13.1738,12.8998,0.7480681141,0.7480681141
12.9387,12.6647,0.7480681141,0.7480681141
13.1945,12.9205,0.7480681141,0.7480681141
12.581,12.307,0.7480681141,0.7480681141
12.8733,12.5993,0.7480681141,0.7480681141
12.614,12.34,0.7480681141,0.7480681141
12.0144,11.7404,0.2442441745,0.2442441745
12.671,12.397,0.7397032466,0.7397032466
12.6391,12.3651,0.7397032466,0.7397032466
12.6481,12.3741,0.7397032466,0.7397032466
12.6966,12.4226,0.7397032466,0.7397032466
12.88,12.606,0.7397032466,0.7397032466
12.9281,12.6541,0.7397032466,0.7397032466
12.9208,12.6468,0.7397032466,0.7397032466
12.9172,12.6432,0.7397032466,0.7397032466
12.2614,11.9874,0.3087134038,0.3087134038
12.9009,12.6269,0.7397032466,0.7397032466
13.1797,12.9057,0.7397032466,0.7397032466
13.1844,12.9104,0.7397032466,0.7397032466
12.9306,12.6566,0.7397032466,0.7397032466
12.1285,11.8545,0.1957876919,0.1957876919
12.1421,11.8681,0.1957876919,0.1957876919
12.5703,12.2963,0.1957876919,0.1957876919
12.5649,12.2909,0.1957876919,0.1957876919
12.3401,12.0661,0.693696475,0.693696475
12.3079,12.0339,0.693696475,0.693696475
12.1985,11.9245,0.693696475,0.693696475
12.1828,11.9088,0.693696475,0.693696475
12.2868,12.0128,0.693696475,0.693696475
12.2424,11.9684,0.693696475,0.693696475
12.268,11.994,0.8402808208,0.8402808208
12.1949,11.9209,0.8402808208,0.8402808208
12.1882,11.9142,0.3600975901,0.3600975901
12.0038,11.7298,0.3600975901,0.3600975901
12.4619,12.1879,0.6656144196,0.6656144196
12.0347,11.7607,0.6656144196,0.6656144196
12.1173,11.8433,0.6656144196,0.6656144196
12.3519,12.0779,0.6656144196,0.6656144196
12.3541,12.0801,0.6656144196,0.6656144196
11.9896,11.7156,0.6656144196,0.6656144196
11.989,11.715,0.6656144196,0.6656144196
12.1709,11.8969,0.1633489344,0.1633489344
12.1757,11.9017,0.1633489344,0.1633489344
12.4038,12.1298,0.1846345351,0.1846345351
12.6263,12.3523,0.1837681737,0.1837681737
12.4058,12.1318,0.1846345351,0.1846345351
12.5168,12.2428,0.1837681737,0.1837681737
12.6103,12.3363,0.1837681737,0.1837681737
12.6113,12.3373,0.1762696676,0.1762696676
12.5237,12.2497,0.1736755628,0.1736755628
12.5022,12.2282,0.1736755628,0.1736755628
12.6283,12.3543,0.1762696676,0.1762696676
13.2173,12.9433,0.6616311494,0.6616311494
13.2222,12.9482,0.6616311494,0.6616311494
12.9677,12.6937,0.6616311494,0.6616311494
12.9613,12.6873,0.6616311494,0.6616311494
13.1113,12.8373,0.6616311494,0.6616311494
13.1024,12.8284,0.6616311494,0.6616311494
13.0895,12.8155,0.6616311494,0.6616311494
13.3192,13.0452,0.6616311494,0.6616311494
13.3402,13.0662,0.6616311494,0.6616311494
12.9575,12.6835,0.6616311494,0.6616311494
12.943,12.669,0.6616311494,0.6616311494
12.9333,12.6593,0.660764788,0.660764788
12.3906,12.1166,0.1260804622,0.1260804622
13.0024,12.7284,0.660764788,0.660764788
12.3471,12.0731,0.1260804622,0.1260804622
12.2617,11.9877,0.1260804622,0.1260804622
12.2598,11.9858,0.1260804622,0.1260804622
12.2746,12.0006,0.1260804622,0.1260804622
12.1792,11.9052,0.1260804622,0.1260804622
12.0489,11.7749,0.0959370643,0.0959370643
12.1811,11.9071,0.1260804622,0.1260804622
12.0375,11.7635,0.0959370643,0.0959370643
12.3107,12.0367,0.1260804622,0.1260804622
11.9522,11.6782,0.0959370643,0.0959370643
11.9515,11.6775,0.0959370643,0.0959370643
12.2356,11.9616,0.0466142205,0.0466142205
12.2395,11.9655,0.0466142205,0.0466142205
11.9977,11.7237,0.0466142205,0.0466142205
12.0082,11.7342,0.0466142205,0.0466142205
12.6339,12.3599,0.4876966741,0.4876966741
12.3545,12.0805,0.5965046803,0.5965046803
12.3509,12.0769,0.6071947819,0.6071947819
12.3362,12.0622,0.6071947819,0.6071947819
12.4822,12.2081,0.5965046803,0.5965046803
12.192,11.918,0.6252987454,0.6252987454
12.2254,11.9514,0.6252987454,0.6252987454
12.4835,12.2095,0.6178848835,0.6178848835
12.5428,12.2688,0.6178848835,0.6178848835
12.2488,11.9748,0.5826727745,0.5826727745
12.2027,11.9287,0.9941744672,0.9941744672
12.2938,12.0198,0.9941744672,0.9941744672
12.7394,12.4654,0.9788189605,0.9788189605
12.7857,12.5117,0.9788189605,0.9788189605
12.2645,11.9905,0.5826727745,0.5826727745
12.4862,12.2122,0.7064329203,0.7064329203
12.4036,12.1296,0.7064329203,0.7064329203
12.5665,12.2925,0.9957179846,0.9957179846
12.5973,12.3233,0.9957179846,0.9957179846
12.62,12.346,0.0170981877,0.0170981877
12.4709,12.1969,0.0170981877,0.0170981877
12.3075,12.0335,0.030890261,0.030890261
12.2216,11.9476,0.0426160129,0.0426160129
12.2946,12.0206,0.030890261,0.030890261
12.3479,12.0739,0.0426160129,0.0426160129
12.4192,12.1452,0.0539932285,0.0539932285
12.4434,12.1694,0.0539932285,0.0539932285
12.3356,12.0616,0.472953595,0.472953595
12.3603,12.0863,0.472953595,0.472953595
12.2681,11.9941,0.4874377614,0.4874377614
12.5965,12.3225,0.4874377614,0.4874377614
12.3884,12.1144,0.5329565824,0.5329565824
12.4244,12.1504,0.5329565824,0.5329565824
12.3861,12.1121,0.5505427207,0.5505427207
11.9093,11.6353,0.5710565625,0.5710565625
12.1987,11.9247,0.9084096792,0.9084096792
12.2533,11.9793,0.9084096792,0.9084096792
12.6091,12.3351,0.9218581956,0.9218581956
12.6828,12.4088,0.9218581956,0.9218581956
12.3427,12.0687,0.9339275044,0.9339275044
12.267,11.993,0.9456532562,0.9456532562
12.3765,12.1025,0.9339275044,0.9339275044
12.2952,12.0212,0.9456532562,0.9456532562
12.1185,11.8445,0.9570304721,0.9570304721
12.1621,11.8881,0.9570304721,0.9570304721
12.3847,12.1107,0.4039135631,0.4039135631
12.1901,11.9161,0.4235710017,0.4235710017
12.3258,12.0518,0.4418492332,0.4418492332
12.2427,11.9687,0.4235710017,0.4235710017
12.3269,12.0529,0.4418492332,0.4418492332
12.2338,11.9598,0.4532264488,0.4532264488
12.4699,12.1959,0.4039135631,0.4039135631
12.1534,11.8794,0.0113871739,0.0113871739
12.7375,12.4635,0.5003037243,0.5003037243
0,,0,0
0,,0,0
0,,0,0
0,,0,0
0,,0,0
0,,0,0
0,,0,0
0,,0,0
0,,0,0
0,,0,0
0,,0,0
0,,0,0
0,,0,0
0,,0,0
0,,0,0
0,,0,0
0,,0,0
0,,0,0
0,,0,0
0,,0,0
0,,0,0
0,,0,0
0,,0,0
